2010-11-16,00:00,1.35880,1.36560,1.34480,1.34890,3171
2010-11-17,00:00,1.34890,1.35640,1.34610,1.35290,1661
2010-11-18,00:00,1.35290,1.36680,1.35260,1.36420,1711
2010-11-19,00:00,1.36440,1.37320,1.36090,1.36730,2171
2010-11-22,00:00,1.37210,1.37870,1.35770,1.36270,3261
2010-11-23,00:00,1.36270,1.36340,1.33620,1.33680,2851
2010-11-24,00:00,1.33670,1.34200,1.32850,1.33350,2381
2010-11-25,00:00,1.33350,1.33870,1.32870,1.33580,1771
2010-11-26,00:00,1.33600,1.33630,1.32010,1.32400,2041
2010-11-29,00:00,1.32820,1.33020,1.30640,1.31250,3191
2010-11-30,00:00,1.31240,1.31510,1.29670,1.29830,2271
2010-12-01,00:00,1.29830,1.31780,1.29700,1.31390,2601
2010-12-02,00:00,1.31380,1.32490,1.30610,1.32090,3051
2010-12-03,00:00,1.32100,1.34400,1.31940,1.34160,2861
2010-12-06,00:00,1.33770,1.34230,1.32460,1.33080,2851
2010-12-07,00:00,1.33080,1.34000,1.32580,1.32610,2371
2010-12-09,00:00,1.32620,1.33230,1.31650,1.32390,2931
2010-12-10,00:00,1.32400,1.32820,1.31790,1.32250,1911
2010-12-13,00:00,1.31990,1.34340,1.31830,1.33910,3101
2010-12-14,00:00,1.33910,1.34980,1.33640,1.33780,2551
2010-12-15,00:00,1.33790,1.33820,1.32090,1.32130,1801
2010-12-16,00:00,1.32140,1.32650,1.31810,1.32440,1381
2010-12-17,00:00,1.32420,1.33580,1.31330,1.31890,3971
2010-12-20,00:00,1.31860,1.31880,1.30950,1.31310,1311
2010-12-21,00:00,1.31320,1.32020,1.30740,1.31010,2251
2010-12-22,00:00,1.31010,1.31810,1.30790,1.31000,2031
2010-12-23,00:00,1.31000,1.31520,1.30560,1.31140,1781
2010-12-24,00:00,1.31140,1.31480,1.30960,1.31220,961
2010-12-27,00:00,1.31170,1.31710,1.30730,1.31640,1491
2010-12-28,00:00,1.31650,1.32750,1.30950,1.31140,3091
2010-12-29,00:00,1.31150,1.32380,1.30840,1.32250,1981
2010-12-30,00:00,1.32250,1.33150,1.32170,1.32890,1321
2010-12-31,00:00,1.32930,1.34240,1.32870,1.33870,1801
2011-01-03,00:00,1.33490,1.33950,1.32510,1.33610,2761
2011-01-04,00:00,1.33610,1.34330,1.32930,1.33080,2271
2011-01-05,00:00,1.33080,1.33250,1.31270,1.31500,2381
2011-01-06,00:00,1.31490,1.31700,1.29980,1.30030,1981
2011-01-07,00:00,1.30030,1.30210,1.29060,1.29070,1341
2011-01-10,00:00,1.28790,1.29640,1.28740,1.29510,1081
2011-01-11,00:00,1.29520,1.29920,1.29080,1.29740,1461
2011-01-12,00:00,1.29750,1.31440,1.29630,1.31340,2031
2011-01-13,00:00,1.31310,1.33830,1.30890,1.33660,3531
2011-01-14,00:00,1.33640,1.34540,1.33160,1.33880,2521
2011-01-17,00:00,1.33840,1.33870,1.32450,1.32940,1941
2011-01-18,00:00,1.32940,1.34630,1.32540,1.33870,3251
2011-01-19,00:00,1.33860,1.35380,1.33690,1.34730,2511
2011-01-20,00:00,1.34740,1.35230,1.33970,1.34720,2501
2011-01-21,00:00,1.34720,1.36260,1.34490,1.36220,2041
2011-01-24,00:00,1.36420,1.36860,1.35400,1.36380,2881
2011-01-25,00:00,1.36370,1.37040,1.35730,1.36820,2171
2011-01-26,00:00,1.36810,1.37220,1.36410,1.37130,1301
2011-01-27,00:00,1.37130,1.37580,1.36370,1.37330,2221
2011-01-28,00:00,1.37340,1.37470,1.35840,1.36110,2031
2011-01-31,00:00,1.35910,1.37390,1.35710,1.36940,2331
2011-02-01,00:00,1.36940,1.38430,1.36900,1.38290,1711
2011-02-02,00:00,1.38300,1.38610,1.37680,1.38100,1661
2011-02-03,00:00,1.38110,1.38250,1.36100,1.36340,2531
2011-02-04,00:00,1.36350,1.36500,1.35440,1.35820,1591
2011-02-07,00:00,1.35640,1.36270,1.35090,1.35830,2171
2011-02-08,00:00,1.35840,1.36880,1.35730,1.36250,1891
2011-02-09,00:00,1.36230,1.37440,1.36110,1.37320,1571
2011-02-10,00:00,1.37330,1.37340,1.35780,1.36010,1801
2011-02-11,00:00,1.36030,1.36210,1.34980,1.35510,1941
2011-02-14,00:00,1.35080,1.35580,1.34290,1.34890,2391
2011-02-15,00:00,1.34880,1.35510,1.34610,1.34870,1791
2011-02-16,00:00,1.34870,1.35880,1.34630,1.35690,1681
2011-02-17,00:00,1.35690,1.36180,1.35380,1.36090,1201
2011-02-18,00:00,1.36090,1.37140,1.35450,1.36930,2541
2011-02-21,00:00,1.37010,1.37160,1.36470,1.36790,1161
2011-02-22,00:00,1.36780,1.37040,1.35260,1.36510,3291
2011-02-23,00:00,1.36500,1.37870,1.36490,1.37490,1771
2011-02-24,00:00,1.37480,1.38210,1.37050,1.38000,1801
2011-02-25,00:00,1.38000,1.38380,1.37240,1.37540,1821
2011-02-28,00:00,1.37590,1.38550,1.37120,1.38060,2391
2011-03-01,00:00,1.38070,1.38530,1.37640,1.37770,1481
2011-03-02,00:00,1.37770,1.38900,1.37440,1.38660,2031
2011-03-03,00:00,1.38650,1.39710,1.38330,1.39700,1711
2011-03-04,00:00,1.39690,1.40070,1.39410,1.39870,1141
2011-03-07,00:00,1.39950,1.40360,1.39560,1.39680,1331
2011-03-08,00:00,1.39680,1.39900,1.38630,1.39050,1911
2011-03-09,00:00,1.39050,1.39420,1.38560,1.39090,1681
2011-03-10,00:00,1.39080,1.39250,1.37760,1.37970,1871
2011-03-11,00:00,1.37980,1.39150,1.37530,1.39020,2201
2011-03-14,00:00,1.39690,1.40030,1.39050,1.39920,1731
2011-03-15,00:00,1.39930,1.40130,1.38560,1.39980,3091
2011-03-16,00:00,1.39970,1.40030,1.38670,1.38990,1741
2011-03-18,00:00,1.40210,1.41840,1.39810,1.41820,2451
2011-03-21,00:00,1.41970,1.42400,1.41390,1.42260,1731
2011-03-22,00:00,1.42260,1.42480,1.41800,1.41960,1061
2011-03-23,00:00,1.41960,1.42150,1.40870,1.40880,1481
2011-03-24,00:00,1.40870,1.42200,1.40540,1.41770,2421
2011-03-25,00:00,1.41770,1.41940,1.40560,1.40870,1861
2011-03-28,00:00,1.40440,1.41160,1.40220,1.40870,1451
2011-03-29,00:00,1.40870,1.41500,1.40480,1.41140,1771
2011-03-30,00:00,1.41120,1.41470,1.40520,1.41280,1741
2011-03-31,00:00,1.41270,1.42330,1.41160,1.41580,2031
2011-04-01,00:00,1.41580,1.42460,1.40630,1.42350,2891
2011-04-04,00:00,1.42350,1.42680,1.41930,1.42210,1361
2011-04-05,00:00,1.42210,1.42460,1.41520,1.42220,1871
2011-04-06,00:00,1.42230,1.43490,1.42090,1.43310,1721
2011-04-07,00:00,1.43320,1.43380,1.42430,1.43080,1661
2011-04-08,00:00,1.43080,1.44880,1.42920,1.44840,2161
2011-04-11,00:00,1.44740,1.44840,1.44210,1.44370,891
2011-04-12,00:00,1.44360,1.45180,1.43780,1.44770,2391
2011-04-13,00:00,1.44770,1.45200,1.44140,1.44430,1781
2011-04-14,00:00,1.44430,1.45150,1.43660,1.44880,2531
2011-04-15,00:00,1.44880,1.45040,1.43910,1.44300,1681
2011-04-18,00:00,1.44140,1.44210,1.41580,1.42340,3461
2011-04-19,00:00,1.42340,1.43530,1.42060,1.43340,1941
2011-04-20,00:00,1.43340,1.45450,1.43290,1.45230,2431
2011-04-21,00:00,1.45230,1.46490,1.45060,1.45530,2561
2011-04-22,00:00,1.45530,1.45880,1.45350,1.45610,981
2011-04-25,00:00,1.45620,1.46270,1.45260,1.45810,1831
2011-04-26,00:00,1.45810,1.46570,1.44940,1.46440,2631
2011-04-27,00:00,1.46450,1.47950,1.46330,1.47880,1811
2011-04-28,00:00,1.47880,1.48820,1.47710,1.48230,1871
2011-04-29,00:00,1.48220,1.48780,1.48040,1.48060,1321
2011-05-02,00:00,1.48200,1.49020,1.47630,1.48300,2681
2010-12-08,00:00,1.32610,1.32810,1.31810,1.32620,1991
2011-05-04,00:00,1.48260,1.49400,1.47750,1.48280,3281
2011-05-05,00:00,1.48280,1.48980,1.45100,1.45400,4881
2011-05-06,00:00,1.45390,1.45880,1.43160,1.43190,3241
2011-05-09,00:00,1.43650,1.44420,1.42550,1.43650,3741
2011-05-10,00:00,1.43650,1.44130,1.42710,1.44090,2401
2011-05-11,00:00,1.44100,1.44230,1.41730,1.41920,2821
2011-05-12,00:00,1.41920,1.42770,1.41240,1.42460,2521
2011-05-13,00:00,1.42460,1.43380,1.40670,1.41170,4131
2011-05-16,00:00,1.40910,1.42450,1.40480,1.41560,3291
2011-05-17,00:00,1.41560,1.42390,1.41210,1.42370,1551
2011-05-18,00:00,1.42370,1.42870,1.41950,1.42480,1731
2011-05-19,00:00,1.42420,1.43250,1.42070,1.43100,1681
2011-05-20,00:00,1.43090,1.43450,1.41340,1.41600,2731
2011-05-23,00:00,1.41280,1.41460,1.39690,1.40480,2741
2011-05-24,00:00,1.40480,1.41330,1.40030,1.41000,2081
2011-05-25,00:00,1.41010,1.41180,1.40140,1.40880,1951
2011-05-26,00:00,1.40880,1.42060,1.40680,1.41440,2201
2011-05-27,00:00,1.41450,1.43240,1.41260,1.43190,2221
2011-05-30,00:00,1.43250,1.43250,1.42570,1.42820,931
2011-05-31,00:00,1.42820,1.44240,1.42800,1.43970,1731
2011-06-01,00:00,1.43960,1.44590,1.43210,1.43280,2081
2011-06-02,00:00,1.43290,1.45130,1.43080,1.44910,2481
2011-06-03,00:00,1.44920,1.46430,1.44510,1.46350,2411
2011-06-06,00:00,1.46140,1.46580,1.45580,1.45760,1621
2011-06-07,00:00,1.45750,1.46960,1.45640,1.46920,1471
2011-06-08,00:00,1.46920,1.46950,1.45650,1.45830,1511
2011-06-09,00:00,1.45830,1.46520,1.44780,1.45100,2751
2011-06-10,00:00,1.45100,1.45500,1.43230,1.43470,2911
2011-06-13,00:00,1.43280,1.44300,1.43220,1.44130,1311
2011-06-14,00:00,1.44130,1.44980,1.43790,1.44410,2101
2011-06-15,00:00,1.44400,1.44510,1.41570,1.41800,3281
2011-06-16,00:00,1.41790,1.42190,1.40740,1.42100,2591
2011-06-17,00:00,1.42040,1.43380,1.41280,1.43020,3221
2011-06-20,00:00,1.42770,1.43280,1.41910,1.43040,2471
2011-06-21,00:00,1.43040,1.44230,1.43030,1.44110,1331
2011-06-22,00:00,1.44110,1.44420,1.43420,1.43560,1451
2011-06-23,00:00,1.43550,1.43580,1.41270,1.42560,3631
2011-06-24,00:00,1.42560,1.43060,1.41420,1.41890,2611
2011-06-27,00:00,1.41940,1.42930,1.41030,1.42870,2871
2011-06-28,00:00,1.42870,1.43970,1.42370,1.43710,2361
2011-06-29,00:00,1.43700,1.44480,1.43350,1.44350,1611
2011-06-30,00:00,1.44350,1.45380,1.44270,1.45020,1551
2011-07-01,00:00,1.45030,1.45510,1.44370,1.45260,2051
2011-07-04,00:00,1.45220,1.45780,1.44960,1.45390,1471
2011-07-05,00:00,1.45390,1.45540,1.43980,1.44290,2021
2011-07-06,00:00,1.44290,1.44670,1.42870,1.43190,2501
2011-07-07,00:00,1.43200,1.43750,1.42220,1.43620,2641
2011-07-08,00:00,1.43630,1.43690,1.42060,1.42640,2271
2011-07-11,00:00,1.42050,1.42280,1.39870,1.40290,3061
2011-07-12,00:00,1.40290,1.40620,1.38380,1.39760,3951
2011-07-13,00:00,1.39760,1.41920,1.39520,1.41590,2971
2011-07-14,00:00,1.41660,1.42820,1.41160,1.41430,3091
2011-07-15,00:00,1.41430,1.42000,1.40930,1.41520,2051
2011-07-18,00:00,1.41170,1.41340,1.40150,1.41130,2341
2011-07-19,00:00,1.41140,1.42170,1.40690,1.41540,2561
2011-07-20,00:00,1.41560,1.42390,1.41340,1.42150,1511
2011-07-21,00:00,1.42150,1.44340,1.41390,1.44250,3801
2011-07-22,00:00,1.44280,1.44380,1.43250,1.43580,1561
2011-07-25,00:00,1.43880,1.44180,1.43250,1.43770,1751
2011-07-26,00:00,1.43770,1.45260,1.43580,1.45110,2021
2011-07-27,00:00,1.45110,1.45360,1.43400,1.43690,2501
2011-07-28,00:00,1.43690,1.44000,1.42550,1.43300,2511
2011-07-29,00:00,1.43340,1.44130,1.42300,1.43980,3021
2011-08-01,00:00,1.43860,1.44530,1.41850,1.42500,4001
2011-08-02,00:00,1.42500,1.42830,1.41520,1.42030,2151
2011-08-03,00:00,1.42030,1.43450,1.41450,1.43230,2801
2011-08-04,00:00,1.43230,1.43720,1.40900,1.40920,3331
2011-08-05,00:00,1.40940,1.42980,1.40560,1.42820,2961
2011-08-08,00:00,1.44220,1.44310,1.41300,1.41790,3591
2011-08-09,00:00,1.41800,1.43770,1.41530,1.43750,2531
2011-08-10,00:00,1.43750,1.44010,1.41630,1.41780,2791
2011-08-11,00:00,1.41770,1.42890,1.41040,1.42400,3071
2011-08-12,00:00,1.42400,1.42910,1.41500,1.42480,2741
2011-08-15,00:00,1.42680,1.44750,1.42550,1.44440,2641
2011-08-16,00:00,1.44450,1.44700,1.43540,1.44070,1941
2011-08-17,00:00,1.44070,1.45140,1.43260,1.44270,3561
2011-08-18,00:00,1.44260,1.44510,1.42720,1.43330,2651
2011-08-19,00:00,1.43330,1.44520,1.42590,1.43970,3221
2011-08-22,00:00,1.43780,1.44340,1.43480,1.43580,1521
2011-08-23,00:00,1.43580,1.44990,1.43540,1.44410,2071
2011-08-24,00:00,1.44410,1.44810,1.43870,1.44150,1621
2011-08-25,00:00,1.44140,1.44740,1.43280,1.43790,2571
2011-08-26,00:00,1.43790,1.45020,1.43290,1.45000,2251
2011-08-29,00:00,1.44980,1.45490,1.44660,1.45110,1531
2011-08-30,00:00,1.45100,1.45330,1.43850,1.44410,2271
2011-08-31,00:00,1.44420,1.44660,1.43600,1.43760,1461
2011-09-01,00:00,1.43700,1.43860,1.42270,1.42590,2071
2011-09-02,00:00,1.42590,1.42880,1.41840,1.42050,1541
2011-09-05,00:00,1.41650,1.41750,1.40650,1.40970,1521
2011-09-06,00:00,1.40990,1.42470,1.39730,1.39980,4471
2011-09-07,00:00,1.39980,1.41480,1.39930,1.40980,2101
2011-09-08,00:00,1.40980,1.41000,1.38740,1.38820,2361
2011-09-09,00:00,1.38820,1.39370,1.36280,1.36550,3911
2011-09-12,00:00,1.35850,1.36940,1.35000,1.36790,2941
2011-09-13,00:00,1.36800,1.37400,1.35590,1.36780,3601
2011-09-14,00:00,1.36780,1.37840,1.35920,1.37550,3071
2011-09-15,00:00,1.37550,1.39360,1.37030,1.38770,3441
2011-09-16,00:00,1.38770,1.38940,1.37540,1.37990,2021
2011-09-19,00:00,1.36940,1.37210,1.35870,1.36850,2591
2011-09-20,00:00,1.36850,1.37420,1.35940,1.37010,2801
2011-09-21,00:00,1.37020,1.37890,1.35640,1.35720,3201
2011-09-22,00:00,1.35730,1.36020,1.33860,1.34650,3241
2011-09-23,00:00,1.34660,1.35670,1.34190,1.34970,2651
2011-09-26,00:00,1.35220,1.35510,1.33630,1.35310,3671
2011-09-27,00:00,1.35330,1.36670,1.34800,1.35830,3241
2011-09-28,00:00,1.35820,1.36890,1.35330,1.35430,2731
2011-09-29,00:00,1.35420,1.36760,1.35200,1.35970,2571
2011-09-30,00:00,1.35970,1.35990,1.33840,1.33880,2211
2011-10-03,00:00,1.33430,1.33820,1.31680,1.31760,2611
2011-10-04,00:00,1.31760,1.33690,1.31460,1.33500,2721
2011-10-05,00:00,1.33490,1.33850,1.32610,1.33480,2471
2011-10-06,00:00,1.33480,1.34510,1.32420,1.34370,3291
2011-10-07,00:00,1.34380,1.35250,1.33610,1.33780,2681
2011-10-10,00:00,1.33910,1.36980,1.33780,1.36430,3881
2011-10-11,00:00,1.36420,1.36840,1.35660,1.36400,2341
2011-10-12,00:00,1.36400,1.38340,1.35830,1.37920,3501
2011-10-13,00:00,1.37920,1.38270,1.36850,1.37780,2701
2011-10-14,00:00,1.37770,1.38940,1.37230,1.38820,2371
2011-10-17,00:00,1.38680,1.39150,1.37250,1.37380,2501
2011-10-18,00:00,1.37360,1.38180,1.36530,1.37520,3141
2011-10-19,00:00,1.37520,1.38700,1.37260,1.37610,2791
2011-10-20,00:00,1.37610,1.38440,1.36560,1.37800,3571
2011-10-21,00:00,1.37800,1.39040,1.37040,1.38970,2831
2011-10-24,00:00,1.38960,1.39570,1.38220,1.39290,2371
2011-10-25,00:00,1.39290,1.39610,1.38490,1.39070,2021
2011-10-26,00:00,1.39080,1.39770,1.37980,1.39060,3561
2011-10-27,00:00,1.39070,1.42480,1.38640,1.41890,4861
2011-10-28,00:00,1.41880,1.42010,1.41340,1.41480,941
2011-10-31,00:00,1.41370,1.41730,1.38280,1.38570,4101
2011-11-01,00:00,1.38580,1.38720,1.36080,1.37030,3731
2011-11-02,00:00,1.37040,1.38290,1.36370,1.37470,3411
2011-11-03,00:00,1.37470,1.38560,1.36560,1.38230,3241
2011-11-04,00:00,1.38230,1.38720,1.37110,1.37910,2901
2011-11-07,00:00,1.38290,1.38320,1.36810,1.37760,2491
2011-11-08,00:00,1.37750,1.38480,1.37240,1.38330,1901
2011-11-09,00:00,1.38330,1.38600,1.35230,1.35430,3841
2011-11-10,00:00,1.35440,1.36540,1.34840,1.36060,2781
2011-11-11,00:00,1.36060,1.37970,1.35790,1.37510,2911
2011-11-14,00:00,1.38090,1.38110,1.35920,1.36330,2621
2011-11-15,00:00,1.36330,1.36410,1.34960,1.35390,1961
2011-11-16,00:00,1.35390,1.35580,1.34290,1.34630,1821
2011-11-17,00:00,1.34640,1.35400,1.34220,1.34580,2301
2011-11-18,00:00,1.34550,1.36150,1.34470,1.35240,2671
2011-11-21,00:00,1.35120,1.35420,1.34300,1.34890,2011
2011-11-22,00:00,1.34890,1.35690,1.34690,1.35050,1841
2011-11-23,00:00,1.35060,1.35330,1.33200,1.33410,2611
2011-11-24,00:00,1.33420,1.34120,1.33160,1.33460,1881
2011-11-25,00:00,1.33470,1.33550,1.32120,1.32390,1781
2011-11-28,00:00,1.33250,1.34010,1.32730,1.33200,2511
2011-11-29,00:00,1.33200,1.34430,1.32860,1.33160,3101
2011-11-30,00:00,1.33170,1.35340,1.32590,1.34460,4211
2011-12-01,00:00,1.34460,1.35220,1.34170,1.34610,1951
2011-12-02,00:00,1.34630,1.35530,1.33630,1.33920,3091
2011-12-05,00:00,1.34250,1.34870,1.33750,1.34010,2001
2011-12-06,00:00,1.34010,1.34290,1.33330,1.34020,1911
2011-12-07,00:00,1.34010,1.34550,1.33510,1.34120,1971
2011-12-08,00:00,1.34120,1.34600,1.32890,1.33400,2701
2011-12-09,00:00,1.33400,1.34350,1.32820,1.33870,2591
2011-12-12,00:00,1.33840,1.33840,1.31630,1.31870,2451
2011-12-13,00:00,1.31880,1.32370,1.30090,1.30370,3051
2011-12-14,00:00,1.30370,1.30650,1.29450,1.29830,1861
2011-12-15,00:00,1.29830,1.30500,1.29570,1.30160,1531
2011-12-16,00:00,1.30160,1.30850,1.29950,1.30460,1501
2011-12-19,00:00,1.30440,1.30450,1.29830,1.29980,781
2011-12-20,00:00,1.29980,1.31320,1.29930,1.30820,1941
2011-12-21,00:00,1.30840,1.32010,1.30250,1.30480,3161
2011-12-22,00:00,1.30470,1.31190,1.30160,1.30500,2031
2011-12-23,00:00,1.30500,1.30970,1.30260,1.30440,1361
2011-12-26,00:00,1.30460,1.30840,1.30330,1.30600,881
2011-12-27,00:00,1.30610,1.30840,1.30430,1.30710,721
2011-12-28,00:00,1.30710,1.30810,1.29120,1.29410,2081
2011-12-29,00:00,1.29410,1.29660,1.28580,1.29610,1961
2011-12-30,00:00,1.29610,1.30010,1.29040,1.29590,1921
2012-01-02,00:00,1.29410,1.29720,1.29180,1.29340,1011
2012-01-03,00:00,1.29330,1.30770,1.29330,1.30500,1711
2012-01-04,00:00,1.30500,1.30730,1.28980,1.29430,2431
2012-01-05,00:00,1.29420,1.29470,1.27710,1.27880,1981
2012-01-06,00:00,1.27890,1.28140,1.26970,1.27160,1611
2012-01-09,00:00,1.26950,1.27860,1.26660,1.27650,1701
2012-01-10,00:00,1.27660,1.28190,1.27430,1.27780,1401
2012-01-11,00:00,1.27770,1.27900,1.26620,1.27070,1861
2012-01-12,00:00,1.27070,1.28450,1.26990,1.28140,1851
2012-01-13,00:00,1.28150,1.28790,1.26230,1.26800,3771
2012-01-16,00:00,1.26360,1.26880,1.26260,1.26670,931
2012-01-17,00:00,1.26670,1.28100,1.26490,1.27370,2521
2012-01-18,00:00,1.27360,1.28690,1.27340,1.28640,1421
2012-01-19,00:00,1.28650,1.29720,1.28390,1.29690,1621
2012-01-20,00:00,1.29690,1.29880,1.28870,1.29310,1641
2012-01-23,00:00,1.28780,1.30530,1.28760,1.30160,2161
2012-01-24,00:00,1.30160,1.30630,1.29540,1.30360,1981
2012-01-25,00:00,1.30360,1.31220,1.29310,1.31050,3131
2012-01-26,00:00,1.31070,1.31850,1.30910,1.31090,1861
2012-01-27,00:00,1.31090,1.32350,1.30780,1.32200,2031
2012-01-30,00:00,1.32250,1.32280,1.30760,1.31440,2231
2012-01-31,00:00,1.31440,1.32150,1.30420,1.30840,2861
2012-02-01,00:00,1.30830,1.32190,1.30260,1.31620,3071
2012-02-02,00:00,1.31610,1.31980,1.30860,1.31440,2071
2012-02-03,00:00,1.31440,1.32080,1.30660,1.31580,2701
2012-02-06,00:00,1.31140,1.31430,1.30280,1.31300,2141
2012-02-07,00:00,1.31300,1.32710,1.30890,1.32600,2341
2012-02-08,00:00,1.32600,1.32890,1.32210,1.32610,1351
2012-02-09,00:00,1.32610,1.33220,1.32150,1.32860,1891
2012-02-10,00:00,1.32860,1.32910,1.31560,1.31970,1811
2012-02-13,00:00,1.32110,1.32850,1.31850,1.31860,1751
2012-02-14,00:00,1.31860,1.32160,1.30800,1.31340,2201
2012-02-15,00:00,1.31330,1.31910,1.30440,1.30660,2271
2012-02-16,00:00,1.30660,1.31600,1.29740,1.31300,3081
2012-02-17,00:00,1.31300,1.31990,1.31150,1.31400,1581
2012-02-20,00:00,1.31800,1.32770,1.31740,1.32430,1431
2012-02-21,00:00,1.32440,1.32940,1.31870,1.32340,2041
2012-02-22,00:00,1.32340,1.32670,1.32110,1.32490,971
2012-02-23,00:00,1.32480,1.33810,1.32320,1.33730,1731
2012-02-24,00:00,1.33720,1.34870,1.33570,1.34490,1831
2012-02-27,00:00,1.34650,1.34800,1.33660,1.33970,1601
2012-02-28,00:00,1.33980,1.34710,1.33890,1.34580,1041
2012-02-29,00:00,1.34580,1.34870,1.33150,1.33250,2111
2012-03-01,00:00,1.33250,1.33580,1.32820,1.33110,1381
2012-03-02,00:00,1.33110,1.33330,1.31870,1.31980,1791
2012-03-05,00:00,1.31930,1.32420,1.31600,1.32170,1401
2012-03-06,00:00,1.32170,1.32280,1.31040,1.31110,1421
2012-03-07,00:00,1.31110,1.31640,1.30960,1.31490,981
2012-03-08,00:00,1.31490,1.32910,1.31360,1.32740,1851
2012-03-09,00:00,1.32740,1.32790,1.30970,1.31230,2131
2012-03-12,00:00,1.31050,1.31600,1.30790,1.31540,1131
2012-03-13,00:00,1.31550,1.31920,1.30520,1.30840,2091
2012-03-14,00:00,1.30840,1.30910,1.30110,1.30330,1091
2012-03-15,00:00,1.30330,1.31200,1.30040,1.30800,1851
2012-03-16,00:00,1.30810,1.31880,1.30490,1.31760,1831
2012-03-19,00:00,1.31790,1.32660,1.31420,1.32380,1891
2012-03-20,00:00,1.32380,1.32520,1.31720,1.32250,1471
2012-03-21,00:00,1.32240,1.32870,1.31780,1.32160,2101
2012-03-22,00:00,1.32160,1.32550,1.31340,1.32010,2271
2012-03-23,00:00,1.31990,1.32950,1.31900,1.32700,1391
2012-03-26,00:00,1.32710,1.33680,1.31920,1.33590,2641
2012-03-27,00:00,1.33600,1.33860,1.33120,1.33160,1041
2012-03-28,00:00,1.33130,1.33740,1.32770,1.33170,1901
2012-03-29,00:00,1.33170,1.33460,1.32520,1.33020,1731
2012-03-30,00:00,1.33020,1.33770,1.32940,1.33440,1241
2012-04-02,00:00,1.33610,1.33810,1.32780,1.33200,1651
2012-04-03,00:00,1.33210,1.33690,1.32140,1.32330,2221
2012-04-04,00:00,1.32330,1.32400,1.31080,1.31420,1731
2012-04-05,00:00,1.31420,1.31650,1.30350,1.30650,1831
2012-04-06,00:00,1.30650,1.31130,1.30480,1.30980,971
2012-04-09,00:00,1.31040,1.31350,1.30330,1.31060,2021
2012-04-10,00:00,1.31060,1.31470,1.30540,1.30820,1621
2012-04-11,00:00,1.30820,1.31580,1.30650,1.31090,1591
2012-04-12,00:00,1.31100,1.32130,1.31020,1.31880,1441
2012-04-13,00:00,1.31870,1.32020,1.30700,1.30780,1551
2012-04-16,00:00,1.30670,1.31490,1.29950,1.31420,2331
2012-04-17,00:00,1.31420,1.31740,1.30900,1.31270,1531
2012-04-18,00:00,1.31280,1.31420,1.30580,1.31230,1631
2012-04-19,00:00,1.31230,1.31670,1.30700,1.31380,1791
2012-04-20,00:00,1.31400,1.32290,1.31280,1.32190,1231
2012-04-23,00:00,1.31850,1.32120,1.31020,1.31560,1911
2012-04-24,00:00,1.31560,1.32190,1.31450,1.31970,1071
2012-04-25,00:00,1.31960,1.32370,1.31740,1.32170,1051
2012-04-26,00:00,1.32180,1.32640,1.31980,1.32180,1321
2012-04-27,00:00,1.32180,1.32710,1.31580,1.32540,1901
2012-04-30,00:00,1.32370,1.32690,1.32080,1.32390,1201
2012-05-01,00:00,1.32390,1.32850,1.32040,1.32350,1581
2012-05-02,00:00,1.32360,1.32430,1.31220,1.31580,1641
2012-05-03,00:00,1.31590,1.31810,1.30950,1.31530,1661
2012-05-04,00:00,1.31520,1.31790,1.30800,1.30830,1291
2012-05-07,00:00,1.30130,1.30660,1.29550,1.30510,1841
2012-05-08,00:00,1.30520,1.30660,1.29830,1.30060,1201
2012-05-09,00:00,1.30060,1.30090,1.29120,1.29300,1181
2012-05-10,00:00,1.29310,1.29800,1.29240,1.29370,1061
2012-05-11,00:00,1.29370,1.29580,1.29050,1.29170,861
2012-05-14,00:00,1.29010,1.29050,1.28200,1.28230,921
2012-05-15,00:00,1.28230,1.28710,1.27220,1.27290,2041
2012-05-16,00:00,1.27300,1.27590,1.26810,1.27160,1421
2012-05-17,00:00,1.27160,1.27520,1.26670,1.26980,1521
2012-05-18,00:00,1.26970,1.27950,1.26420,1.27820,2211
2012-05-21,00:00,1.27630,1.28250,1.27250,1.28170,1461
2012-05-22,00:00,1.28170,1.28210,1.26580,1.26840,1931
2012-05-23,00:00,1.26840,1.26900,1.25450,1.25840,1901
2012-05-24,00:00,1.25910,1.26210,1.25160,1.25330,1521
2012-05-25,00:00,1.25330,1.26030,1.24960,1.25170,1981
2012-05-28,00:00,1.25780,1.26250,1.25250,1.25420,1641
2012-05-29,00:00,1.25410,1.25760,1.24610,1.25030,1921
2012-05-30,00:00,1.25030,1.25070,1.23620,1.23670,1541
2012-05-31,00:00,1.23680,1.24300,1.23360,1.23660,1861
2012-06-01,00:00,1.23660,1.24620,1.22870,1.24350,2811
2012-06-04,00:00,1.24130,1.25100,1.23850,1.25000,1631
2012-06-05,00:00,1.25000,1.25430,1.24100,1.24530,2191
2012-06-06,00:00,1.24540,1.25860,1.24400,1.25810,1651
2012-06-07,00:00,1.25810,1.26260,1.25400,1.25600,1511
2012-06-08,00:00,1.25620,1.25770,1.24360,1.25170,2371
2012-06-11,00:00,1.26410,1.26690,1.24810,1.24820,2171
2012-06-12,00:00,1.24820,1.25290,1.24430,1.25040,1501
2012-06-13,00:00,1.25030,1.26110,1.24740,1.25570,2201
2012-06-14,00:00,1.25570,1.26380,1.25420,1.26330,1161
2012-06-15,00:00,1.26340,1.26670,1.25920,1.26380,1461
2012-06-18,00:00,1.26970,1.27480,1.25570,1.25770,2621
2012-06-19,00:00,1.25760,1.27310,1.25690,1.26850,2151
2012-06-20,00:00,1.26860,1.27440,1.26380,1.27070,1911
2012-06-21,00:00,1.27060,1.27100,1.25320,1.25400,1901
2012-06-22,00:00,1.25410,1.25840,1.25190,1.25700,1011
2012-06-25,00:00,1.25480,1.25590,1.24710,1.25040,1321
2012-06-26,00:00,1.25040,1.25310,1.24420,1.24920,1661
2012-06-27,00:00,1.24910,1.25110,1.24450,1.24690,1101
2012-06-28,00:00,1.24680,1.25250,1.24070,1.24430,2111
2012-06-29,00:00,1.24430,1.26930,1.24330,1.26660,2971
2012-07-02,00:00,1.26790,1.26800,1.25680,1.25760,1211
2012-07-03,00:00,1.25770,1.26280,1.25590,1.26080,1071
2012-07-04,00:00,1.26080,1.26100,1.25080,1.25280,1241
2012-07-05,00:00,1.25280,1.25400,1.23640,1.23910,2151
2012-07-06,00:00,1.23910,1.24030,1.22600,1.22900,1851
2012-07-09,00:00,1.22650,1.23250,1.22560,1.23130,901
2012-07-10,00:00,1.23120,1.23350,1.22350,1.22500,1381
2012-07-11,00:00,1.22510,1.22980,1.22130,1.22390,1581
2012-07-12,00:00,1.22400,1.22490,1.21670,1.22030,1271
2012-07-13,00:00,1.22030,1.22580,1.21620,1.22490,1461
2012-07-16,00:00,1.22700,1.22910,1.21750,1.22710,2311
2012-07-17,00:00,1.22730,1.23180,1.21890,1.22940,2371
2012-07-18,00:00,1.22940,1.23080,1.22170,1.22830,1711
2012-07-19,00:00,1.22840,1.23250,1.22290,1.22810,1891
2012-07-20,00:00,1.22810,1.22840,1.21440,1.21580,1571
2012-07-23,00:00,1.21210,1.21450,1.20670,1.21170,1521
2012-07-24,00:00,1.21156,1.21381,1.20423,1.20617,81316
2012-07-25,00:00,1.20617,1.21672,1.20536,1.21487,82474
2012-07-26,00:00,1.21487,1.23295,1.21175,1.22795,85193
2012-07-27,00:00,1.22799,1.23897,1.22415,1.22998,89285
2012-07-29,00:00,1.23049,1.23082,1.22869,1.23012,927
2012-07-30,00:00,1.23010,1.23106,1.22254,1.22557,72305
2012-07-31,00:00,1.22559,1.23302,1.22491,1.22987,79354
2012-08-01,00:00,1.22990,1.23364,1.22182,1.22289,74762
2012-08-02,00:00,1.22289,1.24046,1.21338,1.21828,92979
2012-08-03,00:00,1.21826,1.23924,1.21666,1.23806,81474
2012-08-05,00:00,1.23864,1.23989,1.23860,1.23932,1313
2012-08-06,00:00,1.23932,1.24433,1.23419,1.23979,72258
2012-08-07,00:00,1.23977,1.24418,1.23760,1.23976,69897
2012-08-08,00:00,1.23976,1.24024,1.23268,1.23651,73912
2012-08-09,00:00,1.23652,1.23873,1.22667,1.23043,79664
2012-08-10,00:00,1.23041,1.23167,1.22416,1.22937,68104
2012-08-12,00:00,1.22898,1.22913,1.22858,1.22866,373
2012-08-13,00:00,1.22866,1.23736,1.22610,1.23327,63852
2012-08-14,00:00,1.23326,1.23857,1.23171,1.23184,64383
2012-08-15,00:00,1.23186,1.23437,1.22642,1.22863,59771
2012-08-16,00:00,1.22867,1.23727,1.22561,1.23563,68687
2012-08-17,00:00,1.23567,1.23821,1.22888,1.23349,62931
2012-08-19,00:00,1.23479,1.23502,1.23341,1.23389,639
2012-08-20,00:00,1.23385,1.23688,1.22953,1.23458,62758
2012-08-21,00:00,1.23458,1.24877,1.23458,1.24707,74613
2012-08-22,00:00,1.24703,1.25384,1.24313,1.25298,86062
2012-08-23,00:00,1.25299,1.25895,1.25236,1.25639,79181
2012-08-24,00:00,1.25638,1.25681,1.24815,1.25124,64926
2012-08-26,00:00,1.25118,1.25131,1.25065,1.25080,461
2012-08-27,00:00,1.25081,1.25356,1.24901,1.24975,47754
2012-08-28,00:00,1.24975,1.25766,1.24654,1.25648,65791
2012-08-29,00:00,1.25646,1.25735,1.25189,1.25308,60888
2012-08-30,00:00,1.25308,1.25637,1.24873,1.25060,62136
2012-08-31,00:00,1.25060,1.26374,1.24935,1.25776,75801
2012-09-02,00:00,1.25706,1.25849,1.25702,1.25795,602
2012-09-03,00:00,1.25800,1.26111,1.25604,1.25875,47608
2012-09-04,00:00,1.25876,1.26279,1.25552,1.25672,64724
2012-09-05,00:00,1.25674,1.26244,1.25017,1.26020,76737
2012-09-06,00:00,1.26024,1.26517,1.25614,1.26328,79447
2012-09-07,00:00,1.26328,1.28084,1.26262,1.28051,75345
2012-09-09,00:00,1.28090,1.28120,1.28055,1.28062,465
2012-09-10,00:00,1.28068,1.28088,1.27547,1.27580,61046
2012-09-11,00:00,1.27584,1.28711,1.27573,1.28512,71744
2012-09-12,00:00,1.28515,1.29365,1.28157,1.28995,77558
2012-09-13,00:00,1.28996,1.30018,1.28549,1.29868,77974
2012-09-14,00:00,1.29866,1.31688,1.29801,1.31193,84197
2012-09-16,00:00,1.31203,1.31289,1.31178,1.31244,570
2012-09-17,00:00,1.31244,1.31718,1.30835,1.31139,67046
2012-09-18,00:00,1.31140,1.31190,1.30294,1.30443,68848
2012-09-19,00:00,1.30443,1.30850,1.29934,1.30459,70702
2012-09-20,00:00,1.30460,1.30590,1.29195,1.29653,76802
2012-09-21,00:00,1.29654,1.30477,1.29556,1.29850,71336
2012-09-23,00:00,1.29774,1.29902,1.29764,1.29798,692
2012-09-24,00:00,1.29798,1.29803,1.28913,1.29308,54585
2012-09-25,00:00,1.29310,1.29708,1.28863,1.29042,62533
2012-09-26,00:00,1.29042,1.29129,1.28354,1.28738,61041
2012-09-27,00:00,1.28736,1.29283,1.28288,1.29139,64606
2012-09-28,00:00,1.29138,1.29597,1.28387,1.28520,65146
2012-09-30,00:00,1.28444,1.28493,1.28430,1.28490,163
2012-10-01,00:00,1.28488,1.29389,1.28037,1.28865,60274
2012-10-02,00:00,1.28865,1.29680,1.28804,1.29165,58852
2012-10-03,00:00,1.29169,1.29371,1.28774,1.29091,58501
2012-10-04,00:00,1.29092,1.30314,1.29080,1.30168,64139
2012-10-05,00:00,1.30167,1.30715,1.29940,1.30284,54682
2012-10-07,00:00,1.30237,1.30251,1.30195,1.30232,335
2012-10-08,00:00,1.30230,1.30248,1.29377,1.29675,47094
2012-10-09,00:00,1.29681,1.29907,1.28590,1.28833,60448
2012-10-10,00:00,1.28831,1.29133,1.28354,1.28543,59365
2012-10-11,00:00,1.28536,1.29518,1.28255,1.29303,57672
2012-10-12,00:00,1.29292,1.29916,1.29223,1.29555,59999
2012-10-14,00:00,1.29534,1.29605,1.29509,1.29548,322
2012-10-15,00:00,1.29550,1.29788,1.28907,1.29483,52819
2012-10-16,00:00,1.29478,1.30990,1.29426,1.30977,58310
2012-10-17,00:00,1.30941,1.31394,1.30832,1.31152,60246
2012-10-18,00:00,1.31152,1.31287,1.30558,1.30682,56659
2012-10-19,00:00,1.30680,1.30770,1.30131,1.30204,50680
2012-10-21,00:00,1.30163,1.30275,1.30163,1.30231,198
2012-10-22,00:00,1.30229,1.30836,1.30156,1.30659,50718
2012-10-23,00:00,1.30655,1.30756,1.29521,1.29845,54111
2012-10-24,00:00,1.29848,1.29967,1.29205,1.29707,56665
2012-10-25,00:00,1.29706,1.30232,1.29272,1.29423,57170
2012-10-26,00:00,1.29419,1.29561,1.28827,1.29355,56671
2012-10-28,00:00,1.29423,1.29434,1.29245,1.29250,1001
2012-10-29,00:00,1.29250,1.29361,1.28852,1.29040,38129
2012-10-30,00:00,1.29037,1.29835,1.28860,1.29667,42186
2012-10-31,00:00,1.29667,1.30207,1.29466,1.29586,52617
2012-11-01,00:00,1.29585,1.29826,1.29246,1.29470,47140
2012-11-02,00:00,1.29470,1.29485,1.28215,1.28315,57267
2012-11-04,00:00,1.28168,1.28259,1.28168,1.28203,790
2012-11-05,00:00,1.28197,1.28425,1.27676,1.27968,50224
2012-11-06,00:00,1.27963,1.28266,1.27635,1.28093,55891
2012-11-07,00:00,1.28100,1.28763,1.27366,1.27708,81220
2012-11-08,00:00,1.27708,1.27764,1.27171,1.27438,62817
2012-11-09,00:00,1.27441,1.27902,1.26900,1.27102,59795
2012-11-11,00:00,1.27114,1.27208,1.27094,1.27162,825
2012-11-12,00:00,1.27162,1.27390,1.26975,1.27076,42170
2012-11-13,00:00,1.27075,1.27284,1.26615,1.27022,61390
2012-11-14,00:00,1.27026,1.27782,1.27021,1.27330,59197
2012-11-15,00:00,1.27331,1.28018,1.27175,1.27805,57508
2012-11-16,00:00,1.27805,1.27843,1.26906,1.27368,54950
2012-11-18,00:00,1.27485,1.27489,1.27402,1.27411,561
2012-11-19,00:00,1.27410,1.28199,1.27404,1.27804,52679
2012-11-20,00:00,1.27810,1.28294,1.27648,1.28138,56010
2012-11-21,00:00,1.28139,1.28334,1.27365,1.28272,58370
2012-11-22,00:00,1.28275,1.28987,1.28272,1.28801,48028
2012-11-23,00:00,1.28803,1.29910,1.28685,1.29766,48174
2012-11-25,00:00,1.29683,1.29741,1.29679,1.29737,873
2012-11-26,00:00,1.29737,1.30072,1.29442,1.29938,50494
2012-11-27,00:00,1.29939,1.30089,1.29156,1.29376,60291
2012-11-28,00:00,1.29376,1.29613,1.28801,1.29504,61122
2012-11-29,00:00,1.29506,1.30142,1.29390,1.29768,53030
2012-11-30,00:00,1.29769,1.30279,1.29683,1.30045,55551
2012-12-02,00:00,1.29835,1.29977,1.29834,1.29964,937
2011-03-17,00:00,1.39000,1.40530,1.38700,1.40210,2451
2012-12-04,00:00,1.30587,1.31083,1.30460,1.30938,52972
2012-12-05,00:00,1.30942,1.31265,1.30603,1.30707,53378
2012-12-06,00:00,1.30708,1.30866,1.29505,1.29576,55473
2012-12-07,00:00,1.29577,1.29725,1.28769,1.29301,50487
2012-12-09,00:00,1.28898,1.28940,1.28873,1.28921,1206
2012-12-10,00:00,1.28923,1.29464,1.28859,1.29406,46859
2012-12-11,00:00,1.29405,1.30149,1.29288,1.30085,49113
2012-12-12,00:00,1.30089,1.30974,1.29958,1.30705,50999
2012-12-13,00:00,1.30708,1.31004,1.30410,1.30756,49608
2012-12-14,00:00,1.30756,1.31731,1.30664,1.31563,49281
2012-12-16,00:00,1.31775,1.31880,1.31632,1.31833,2229
2012-12-17,00:00,1.31829,1.31866,1.31443,1.31599,45954
2012-12-18,00:00,1.31599,1.32384,1.31565,1.32243,43355
2012-12-19,00:00,1.32242,1.33083,1.31890,1.31991,53801
2012-12-20,00:00,1.32005,1.32951,1.32005,1.32458,51719
2012-12-21,00:00,1.32467,1.32468,1.31587,1.31831,55842
2012-12-23,00:00,1.31719,1.31827,1.31717,1.31788,349
2012-12-24,00:00,1.31794,1.32336,1.31714,1.31780,26061
2012-12-25,00:00,1.31818,1.31830,1.31764,1.31801,199
2012-12-26,00:00,1.31799,1.32541,1.31705,1.32209,28439
2012-12-27,00:00,1.32210,1.32838,1.32017,1.32348,44683
2012-12-28,00:00,1.32356,1.32567,1.31660,1.32159,40429
2012-12-30,00:00,1.32123,1.32194,1.32111,1.32131,448
2012-12-31,00:00,1.32146,1.32345,1.31724,1.31971,32343
2013-01-01,00:00,1.32014,1.32190,1.31968,1.32066,422
2013-01-02,00:00,1.32054,1.32994,1.31567,1.31890,60132
2013-01-03,00:00,1.31872,1.31890,1.30251,1.30372,53299
2013-01-04,00:00,1.30374,1.30895,1.29975,1.30804,52407
2013-01-06,00:00,1.30739,1.30791,1.30690,1.30784,641
2013-01-07,00:00,1.30786,1.31282,1.30169,1.31261,48740
2013-01-08,00:00,1.31262,1.31398,1.30565,1.30807,49712
2013-01-09,00:00,1.30814,1.30959,1.30367,1.30542,46348
2013-01-10,00:00,1.30552,1.32795,1.30388,1.32672,56806
2013-01-11,00:00,1.32673,1.33657,1.32486,1.33364,56437
2013-01-13,00:00,1.33607,1.33690,1.33502,1.33665,1578
2013-01-14,00:00,1.33665,1.34040,1.33362,1.33767,54501
2013-01-15,00:00,1.33764,1.33936,1.32635,1.32976,69092
2013-01-16,00:00,1.32977,1.33247,1.32567,1.32910,68073
2013-01-17,00:00,1.32909,1.33875,1.32698,1.33751,70101
2013-01-18,00:00,1.33751,1.33982,1.32805,1.33207,67842
2013-01-20,00:00,1.33111,1.33240,1.33086,1.33095,860
2013-01-21,00:00,1.33094,1.33321,1.33001,1.33164,42095
2013-01-22,00:00,1.33164,1.33715,1.32669,1.33216,67548
2013-01-23,00:00,1.33216,1.33546,1.32646,1.33099,57182
2013-01-24,00:00,1.33101,1.33926,1.32861,1.33793,66069
2013-01-25,00:00,1.33796,1.34790,1.33497,1.34597,69059
2013-01-27,00:00,1.34644,1.34663,1.34532,1.34595,1092
2013-01-28,00:00,1.34595,1.34773,1.34246,1.34455,56366
2013-01-29,00:00,1.34459,1.34973,1.34144,1.34872,61171
2013-01-30,00:00,1.34870,1.35874,1.34822,1.35680,62482
2013-01-31,00:00,1.35682,1.35942,1.35412,1.35874,57013
2013-02-01,00:00,1.35874,1.37110,1.35833,1.36551,68412
2013-02-03,00:00,1.36531,1.36596,1.36472,1.36495,761
2013-02-04,00:00,1.36492,1.36537,1.34990,1.35035,60030
2013-02-05,00:00,1.35033,1.35975,1.34585,1.35820,66799
2013-02-06,00:00,1.35814,1.35962,1.34936,1.35186,59986
2013-02-07,00:00,1.35186,1.35776,1.33706,1.33948,67622
2013-02-08,00:00,1.33950,1.34292,1.33537,1.33663,53809
2013-02-10,00:00,1.33669,1.33743,1.33641,1.33690,1297
2013-02-11,00:00,1.33696,1.34274,1.33573,1.34013,48023
2013-02-12,00:00,1.34012,1.34755,1.33640,1.34517,53567
2013-02-13,00:00,1.34517,1.35200,1.34265,1.34488,48399
2013-02-15,00:00,1.33601,1.33933,1.33066,1.33621,50311
2013-02-17,00:00,1.33500,1.33584,1.33411,1.33454,818
2013-02-18,00:00,1.33460,1.33794,1.33215,1.33523,29944
2013-02-19,00:00,1.33527,1.33959,1.33288,1.33850,40107
2013-02-20,00:00,1.33855,1.34319,1.32710,1.32880,63452
2013-02-21,00:00,1.32875,1.32894,1.31612,1.31920,68653
2013-02-22,00:00,1.31920,1.32455,1.31452,1.31874,55117
2013-02-24,00:00,1.32157,1.32175,1.31855,1.31928,2390
2013-02-25,00:00,1.31926,1.33189,1.30478,1.30622,82007
2013-02-26,00:00,1.30624,1.31224,1.30182,1.30654,89553
2013-02-27,00:00,1.30653,1.31470,1.30415,1.31355,73117
2013-02-28,00:00,1.31354,1.31619,1.30532,1.30668,63929
2013-03-01,00:00,1.30667,1.31011,1.29666,1.30214,66442
2013-03-03,00:00,1.30118,1.30177,1.30038,1.30145,1508
2013-03-04,00:00,1.30138,1.30311,1.29824,1.30255,50193
2013-03-05,00:00,1.30254,1.30752,1.30104,1.30455,52724
2013-03-06,00:00,1.30454,1.30706,1.29653,1.29772,50600
2013-03-07,00:00,1.29768,1.31184,1.29741,1.31047,62194
2013-03-08,00:00,1.31048,1.31344,1.29552,1.29978,56465
2013-03-10,00:00,1.29944,1.29951,1.29871,1.29881,125
2013-03-11,00:00,1.29885,1.30536,1.29794,1.30347,48079
2013-03-12,00:00,1.30344,1.30746,1.29910,1.30275,62700
2013-03-13,00:00,1.30275,1.30647,1.29233,1.29570,62904
2013-03-14,00:00,1.29568,1.30326,1.29112,1.30130,70499
2013-03-15,00:00,1.30130,1.31072,1.30025,1.30747,67393
2013-03-17,00:00,1.29100,1.29220,1.28950,1.29051,4128
2013-03-18,00:00,1.29051,1.29957,1.28820,1.29423,74000
2013-03-19,00:00,1.29423,1.29698,1.28437,1.28569,80935
2013-03-20,00:00,1.28569,1.29781,1.28567,1.29333,69515
2013-03-21,00:00,1.29334,1.29553,1.28801,1.28980,78831
2013-03-22,00:00,1.28980,1.30099,1.28883,1.29875,67385
2013-03-24,00:00,1.29619,1.29800,1.29613,1.29728,1351
2013-03-25,00:00,1.29725,1.30481,1.28298,1.28596,83742
2013-03-26,00:00,1.28596,1.28898,1.28283,1.28633,68211
2013-03-27,00:00,1.28633,1.28669,1.27512,1.27804,66264
2013-03-28,00:00,1.27805,1.28445,1.27554,1.28149,61506
2013-03-29,00:00,1.28143,1.28369,1.27936,1.28154,23449
2013-03-31,00:00,1.28074,1.28133,1.28056,1.28101,248
2013-04-01,00:00,1.28103,1.28679,1.27713,1.28438,31072
2013-04-02,00:00,1.28435,1.28776,1.28090,1.28225,55780
2013-04-03,00:00,1.28225,1.28646,1.27899,1.28427,51717
2013-04-04,00:00,1.28429,1.29488,1.27466,1.29330,68513
2013-04-05,00:00,1.29336,1.30398,1.29005,1.30092,63515
2013-04-07,00:00,1.29730,1.30039,1.29730,1.29932,1259
2013-04-08,00:00,1.29937,1.30379,1.29685,1.30172,55255
2013-04-09,00:00,1.30172,1.31031,1.30050,1.30805,62655
2013-04-10,00:00,1.30806,1.31219,1.30525,1.30686,52694
2013-04-11,00:00,1.30696,1.31384,1.30438,1.31065,55875
2013-04-12,00:00,1.31065,1.31266,1.30368,1.31026,54503
2013-04-15,00:00,1.31027,1.31100,1.30216,1.30459,69010
2013-04-16,00:00,1.30469,1.32015,1.30283,1.31780,69996
2013-04-17,00:00,1.31779,1.31998,1.30015,1.30356,75694
2013-04-18,00:00,1.30349,1.30963,1.30210,1.30538,64122
2013-04-19,00:00,1.30539,1.31285,1.30488,1.30592,50892
2013-04-21,00:00,1.30757,1.30760,1.30653,1.30694,574
2013-04-22,00:00,1.30675,1.30841,1.30152,1.30614,57164
2013-04-23,00:00,1.30612,1.30839,1.29730,1.30007,69902
2013-04-24,00:00,1.30006,1.30341,1.29547,1.30110,60997
2013-04-25,00:00,1.30111,1.30935,1.29888,1.30092,63477
2013-04-26,00:00,1.30088,1.30477,1.29906,1.30336,61289
2013-04-28,00:00,1.30471,1.30669,1.30455,1.30593,945
2013-04-29,00:00,1.30595,1.31166,1.30317,1.30931,52897
2013-04-30,00:00,1.30929,1.31859,1.30537,1.31662,61067
2013-05-01,00:00,1.31672,1.32427,1.31605,1.31833,49421
2013-05-02,00:00,1.31833,1.32186,1.30373,1.30621,67059
2013-05-03,00:00,1.30621,1.31589,1.30331,1.31173,58701
2013-05-05,00:00,1.31211,1.31238,1.31105,1.31170,441
2013-05-06,00:00,1.31175,1.31410,1.30537,1.30733,38271
2013-05-07,00:00,1.30735,1.31319,1.30679,1.30786,51781
2013-05-08,00:00,1.30781,1.31942,1.30717,1.31600,58019
2013-05-09,00:00,1.31593,1.31771,1.30102,1.30462,60255
2013-05-10,00:00,1.30456,1.30508,1.29354,1.29845,71118
2013-05-12,00:00,1.29704,1.29784,1.29697,1.29775,305
2013-05-13,00:00,1.29776,1.29997,1.29414,1.29818,58685
2013-05-14,00:00,1.29817,1.30290,1.29128,1.29316,69622
2013-05-15,00:00,1.29316,1.29425,1.28431,1.28801,69346
2013-05-16,00:00,1.28800,1.29297,1.28464,1.28835,65393
2013-05-17,00:00,1.28835,1.28897,1.27965,1.28277,58642
2013-05-19,00:00,1.28408,1.28483,1.28374,1.28450,826
2013-05-20,00:00,1.28455,1.29009,1.28194,1.28835,52290
2013-05-21,00:00,1.28836,1.29333,1.28414,1.29059,58695
2013-05-22,00:00,1.29059,1.29980,1.28336,1.28530,63901
2013-05-23,00:00,1.28524,1.29568,1.28215,1.29325,61114
2013-05-24,00:00,1.29321,1.29933,1.29046,1.29354,42143
2013-05-26,00:00,1.29330,1.29401,1.29325,1.29360,224
2013-05-27,00:00,1.29359,1.29486,1.29153,1.29336,19037
2013-05-28,00:00,1.29332,1.29497,1.28495,1.28523,42364
2013-05-29,00:00,1.28523,1.29771,1.28376,1.29403,46170
2013-05-30,00:00,1.29395,1.30613,1.29335,1.30442,44880
2013-05-31,00:00,1.30442,1.30595,1.29442,1.29956,43651
2013-06-02,00:00,1.29939,1.29975,1.29862,1.29927,835
2013-06-03,00:00,1.29922,1.31075,1.29555,1.30701,63417
2013-06-04,00:00,1.30699,1.31014,1.30422,1.30821,60728
2013-06-05,00:00,1.30821,1.31159,1.30531,1.30926,67551
2013-06-06,00:00,1.30923,1.33056,1.30751,1.32392,80466
2013-06-07,00:00,1.32387,1.32848,1.31915,1.32182,80995
2013-06-09,00:00,1.31953,1.32015,1.31853,1.32015,425
2013-06-10,00:00,1.32009,1.32689,1.31775,1.32557,65941
2013-06-11,00:00,1.32559,1.33175,1.32319,1.33127,81290
2013-06-12,00:00,1.33125,1.33591,1.32654,1.33372,65269
2013-06-13,00:00,1.33373,1.33903,1.32787,1.33729,71902
2013-06-14,00:00,1.33727,1.33731,1.32947,1.33467,56018
2013-06-16,00:00,1.33467,1.33498,1.33456,1.33487,187
2013-06-17,00:00,1.33485,1.33816,1.33185,1.33621,47543
2013-06-18,00:00,1.33618,1.34156,1.33256,1.33941,58892
2013-06-19,00:00,1.33942,1.34158,1.32621,1.32960,60619
2013-06-20,00:00,1.32957,1.33013,1.31613,1.32262,88758
2013-06-21,00:00,1.32257,1.32542,1.30986,1.31238,70937
2013-06-23,00:00,1.30909,1.31072,1.30906,1.31045,668
2013-06-24,00:00,1.31045,1.31439,1.30592,1.31233,72266
2013-06-25,00:00,1.31233,1.31509,1.30651,1.30821,68144
2013-06-26,00:00,1.30819,1.30871,1.29848,1.30075,68321
2013-06-27,00:00,1.30076,1.30570,1.30001,1.30367,58182
2013-06-28,00:00,1.30364,1.31032,1.29913,1.30157,60460
2013-06-30,00:00,1.30135,1.30164,1.30056,1.30157,341
2013-07-01,00:00,1.30159,1.30706,1.30052,1.30614,49291
2013-07-02,00:00,1.30615,1.30780,1.29636,1.29818,57318
2013-02-14,00:00,1.34489,1.34557,1.33155,1.33594,51850
2013-07-04,00:00,1.30082,1.30233,1.28832,1.29119,51351
2013-07-05,00:00,1.29128,1.29169,1.28061,1.28295,58251
2013-07-07,00:00,1.28114,1.28237,1.28114,1.28227,646
2013-07-08,00:00,1.28220,1.28819,1.28117,1.28685,47622
2013-07-09,00:00,1.28684,1.28981,1.27555,1.27856,58629
2013-07-10,00:00,1.27855,1.30236,1.27649,1.30114,69600
2013-07-11,00:00,1.30118,1.32061,1.30058,1.30937,96734
2013-07-12,00:00,1.30930,1.31000,1.29993,1.30675,55196
2013-07-14,00:00,1.30747,1.30778,1.30516,1.30659,423
2013-07-15,00:00,1.30660,1.30790,1.29935,1.30657,50575
2013-07-16,00:00,1.30660,1.31744,1.30487,1.31539,60829
2013-07-17,00:00,1.31543,1.31781,1.30832,1.31228,61766
2013-07-18,00:00,1.31230,1.31256,1.30670,1.31114,51870
2013-07-19,00:00,1.31116,1.31546,1.30893,1.31439,46552
2013-07-21,00:00,1.31385,1.31390,1.31351,1.31366,244
2013-07-22,00:00,1.31371,1.32182,1.31360,1.31838,45780
2013-07-23,00:00,1.31836,1.32387,1.31636,1.32232,48525
2013-07-24,00:00,1.32233,1.32563,1.31765,1.31975,57178
2013-07-25,00:00,1.31979,1.32957,1.31657,1.32760,56318
2013-07-26,00:00,1.32760,1.32970,1.32528,1.32819,47753
2013-07-28,00:00,1.32804,1.32825,1.32759,1.32795,246
2013-07-29,00:00,1.32795,1.32952,1.32392,1.32617,46593
2013-07-30,00:00,1.32622,1.33017,1.32346,1.32627,48022
2013-07-31,00:00,1.32628,1.33446,1.32079,1.32964,63643
2013-08-01,00:00,1.32999,1.33108,1.31937,1.32097,51638
2013-08-02,00:00,1.32097,1.32939,1.31877,1.32843,46390
2013-08-04,00:00,1.32792,1.32868,1.32769,1.32813,640
2013-08-05,00:00,1.32816,1.33004,1.32328,1.32612,43365
2013-08-06,00:00,1.32612,1.33230,1.32462,1.33076,44495
2013-08-07,00:00,1.33074,1.33455,1.32657,1.33366,52225
2013-08-08,00:00,1.33364,1.34004,1.33282,1.33817,47359
2013-08-09,00:00,1.33815,1.33903,1.33327,1.33422,34765
2013-08-11,00:00,1.33205,1.33377,1.33203,1.33366,736
2013-08-12,00:00,1.33367,1.33440,1.32773,1.32991,38241
2013-08-13,00:00,1.33000,1.33172,1.32336,1.32603,50891
2013-08-14,00:00,1.32609,1.32805,1.32389,1.32576,43325
2013-08-15,00:00,1.32576,1.33629,1.32058,1.33507,58729
2013-08-16,00:00,1.33507,1.33799,1.33110,1.33349,42528
2013-08-18,00:00,1.33408,1.33408,1.33343,1.33373,72
2013-08-19,00:00,1.33375,1.33745,1.33153,1.33359,41485
2013-08-20,00:00,1.33359,1.34519,1.33233,1.34179,51810
2013-08-21,00:00,1.34177,1.34270,1.33353,1.33582,52555
2013-08-22,00:00,1.33582,1.33731,1.32982,1.33560,50505
2013-08-23,00:00,1.33563,1.34097,1.33333,1.33840,40536
2013-08-25,00:00,1.33841,1.33918,1.33822,1.33822,649
2013-08-26,00:00,1.33822,1.33944,1.33567,1.33704,28578
2013-08-27,00:00,1.33701,1.33988,1.33230,1.33923,47387
2013-08-28,00:00,1.33889,1.33978,1.33052,1.33406,47525
2013-08-29,00:00,1.33414,1.33431,1.32193,1.32399,50191
2013-08-30,00:00,1.32398,1.32550,1.31734,1.32160,45007
2013-09-01,00:00,1.32121,1.32145,1.32037,1.32121,640
2013-09-02,00:00,1.32122,1.32272,1.31837,1.31951,34447
2013-09-03,00:00,1.31947,1.31969,1.31386,1.31671,45102
2013-09-04,00:00,1.31671,1.32178,1.31570,1.32051,41052
2013-09-05,00:00,1.32047,1.32229,1.31105,1.31181,49322
2013-09-06,00:00,1.31181,1.31895,1.31047,1.31781,42113
2013-09-08,00:00,1.31755,1.31790,1.31657,1.31734,507
2013-09-09,00:00,1.31735,1.32808,1.31653,1.32533,38904
2013-09-10,00:00,1.32541,1.32759,1.32303,1.32657,41928
2013-09-11,00:00,1.32662,1.33246,1.32438,1.33109,43816
2013-09-12,00:00,1.33111,1.33248,1.32559,1.33000,43722
2013-09-13,00:00,1.33000,1.33216,1.32538,1.33022,40858
2013-09-15,00:00,1.33598,1.33774,1.33575,1.33597,2227
2013-09-16,00:00,1.33613,1.33856,1.33300,1.33351,39369
2013-09-17,00:00,1.33352,1.33695,1.33253,1.33578,34881
2013-09-18,00:00,1.33578,1.35415,1.33381,1.35084,53191
2013-09-19,00:00,1.35086,1.35686,1.35009,1.35290,60498
2013-09-20,00:00,1.35293,1.35487,1.34981,1.35233,42222
2013-09-22,00:00,1.35459,1.35469,1.35246,1.35309,794
2013-09-23,00:00,1.35313,1.35446,1.34795,1.34931,42026
2013-09-24,00:00,1.34933,1.35187,1.34646,1.34705,42193
2013-09-25,00:00,1.34707,1.35373,1.34619,1.35225,36637
2013-09-26,00:00,1.35224,1.35263,1.34723,1.34872,38079
2013-09-27,00:00,1.34873,1.35644,1.34743,1.35220,37481
2013-09-29,00:00,1.34949,1.34980,1.34775,1.34806,1048
2013-09-30,00:00,1.34806,1.35560,1.34777,1.35218,41522
2013-10-01,00:00,1.35218,1.35881,1.35169,1.35243,49041
2013-10-02,00:00,1.35247,1.36070,1.35048,1.35813,47916
2013-10-03,00:00,1.35811,1.36463,1.35776,1.36219,47112
2013-10-04,00:00,1.36220,1.36319,1.35387,1.35550,38783
2013-10-06,00:00,1.35643,1.35656,1.35611,1.35637,457
2013-10-07,00:00,1.35634,1.35911,1.35427,1.35768,33535
2013-10-08,00:00,1.35773,1.36072,1.35574,1.35729,36474
2013-10-09,00:00,1.35732,1.36046,1.34858,1.35234,46922
2013-10-10,00:00,1.35240,1.35459,1.34877,1.35255,39372
2013-10-11,00:00,1.35253,1.35816,1.35195,1.35507,35426
2013-10-13,00:00,1.35597,1.35629,1.35556,1.35556,519
2013-10-14,00:00,1.35561,1.35978,1.35455,1.35594,26849
2013-10-15,00:00,1.35592,1.35711,1.34796,1.35257,45918
2013-10-16,00:00,1.35254,1.35675,1.34729,1.35346,46142
2013-10-17,00:00,1.35338,1.36818,1.35156,1.36719,51997
2013-10-18,00:00,1.36718,1.37039,1.36595,1.36837,36478
2013-10-20,00:00,1.36855,1.36873,1.36817,1.36820,374
2013-10-21,00:00,1.36830,1.36885,1.36511,1.36770,31395
2013-10-22,00:00,1.36774,1.37919,1.36624,1.37783,39513
2013-10-23,00:00,1.37773,1.37932,1.37415,1.37753,44025
2013-10-24,00:00,1.37754,1.38252,1.37647,1.37991,44510
2013-10-25,00:00,1.37991,1.38324,1.37745,1.38107,42280
2013-10-27,00:00,1.38079,1.38108,1.38038,1.38078,849
2013-10-28,00:00,1.38078,1.38176,1.37751,1.37831,34723
2013-10-29,00:00,1.37831,1.38133,1.37366,1.37467,49405
2013-10-30,00:00,1.37465,1.37852,1.36959,1.37219,47916
2013-10-31,00:00,1.37219,1.37387,1.35753,1.35879,56318
2013-11-01,00:00,1.35882,1.35894,1.34802,1.34848,49146
2013-11-03,00:00,1.34871,1.34970,1.34870,1.34908,769
2013-11-04,00:00,1.34907,1.35245,1.34422,1.35127,37479
2013-11-05,00:00,2.35127,2.35225,2.34492,2.34719,43607
2013-11-06,00:00,2.34718,2.35475,2.34677,2.35151,41189
2013-11-07,00:00,1.35154,1.35288,1.32950,1.34134,62986
2013-11-08,00:00,1.34136,1.34380,1.33179,1.33594,50574
2013-11-10,00:00,1.33574,1.33623,1.33536,1.33572,763
2013-11-11,00:00,1.33573,1.34161,1.33448,1.34068,33132
2013-11-12,00:00,1.34068,1.34562,1.33592,1.34348,51101
2013-11-13,00:00,1.34347,1.34975,1.33902,1.34819,50978
2013-11-14,00:00,1.34819,1.34943,1.34185,1.34587,49494
2013-11-15,00:00,1.34586,1.35052,1.34324,1.34904,38461
2013-11-17,00:00,1.34982,1.34982,1.34903,1.34917,655
2013-11-18,00:00,1.34923,1.35418,1.34745,1.35040,42387
2013-11-19,00:00,1.35035,1.35473,1.34878,1.35357,45555
2013-11-20,00:00,1.35357,1.35786,1.34155,1.34392,55278
2013-11-21,00:00,1.34394,1.34864,1.33995,1.34754,53758
2013-11-22,00:00,1.34755,1.35535,1.34625,1.35492,40017
2013-11-24,00:00,1.35495,1.35547,1.35478,1.35537,491
2013-11-25,00:00,1.35537,1.35601,1.34903,1.35222,40366
2013-11-26,00:00,1.35222,1.35749,1.35195,1.35668,44030
2013-11-27,00:00,1.35671,1.36128,1.35577,1.35778,47202
2013-11-28,00:00,1.35777,1.36184,1.35637,1.36028,33012
2013-11-29,00:00,1.36024,1.36216,1.35812,1.35883,43203
2013-12-01,00:00,1.35859,1.35925,1.35828,1.35888,665
2013-12-02,00:00,1.35887,1.36158,1.35261,1.35383,46927
2013-12-03,00:00,1.35387,1.36137,1.35243,1.35887,48159
2013-12-04,00:00,1.35888,1.36054,1.35285,1.35899,54690
2013-12-05,00:00,1.35899,1.36773,1.35432,1.36724,63495
2013-12-06,00:00,1.36722,1.37063,1.36187,1.37024,49177
2013-12-08,00:00,1.37129,1.37214,1.37109,1.37132,902
2013-12-09,00:00,1.37132,1.37461,1.36942,1.37356,37196
2013-12-10,00:00,1.37356,1.37949,1.37343,1.37592,43370
2013-12-11,00:00,1.37594,1.38110,1.37407,1.37864,43530
2013-12-12,00:00,1.37866,1.38033,1.37378,1.37497,51871
2013-12-13,00:00,1.37495,1.37691,1.37096,1.37368,39854
2013-12-15,00:00,1.37255,1.37388,1.37254,1.37379,457
2013-12-16,00:00,1.37379,1.37985,1.37366,1.37587,41043
2013-12-17,00:00,1.37592,1.37823,1.37232,1.37710,41298
2013-12-18,00:00,1.37710,1.38115,1.36731,1.36743,58296
2013-12-19,00:00,1.36743,1.36941,1.36493,1.36574,56354
2013-12-20,00:00,1.36574,1.37093,1.36253,1.36812,52148
2013-12-22,00:00,1.36709,1.36766,1.36676,1.36729,393
2013-12-23,00:00,1.36729,1.37168,1.36720,1.36960,34897
2013-12-24,00:00,1.36956,1.36990,1.36549,1.36669,21069
2013-12-25,00:00,1.36795,1.36836,1.36795,1.36799,211
2013-12-26,00:00,1.36800,1.37019,1.36627,1.36893,21426
2013-12-27,00:00,1.36889,1.38933,1.36883,1.37402,45751
2013-12-29,00:00,1.37562,1.37696,1.37558,1.37604,654
2013-12-30,00:00,1.37603,1.38189,1.37282,1.37947,39792
2013-12-31,00:00,1.37948,1.38125,1.37598,1.37778,29551
2014-01-01,00:00,1.37553,1.37656,1.37396,1.37594,631
2014-01-02,00:00,1.37611,1.37751,1.36296,1.36663,56647
2014-01-03,00:00,1.36663,1.36719,1.35825,1.35825,47831
2014-01-05,00:00,1.35939,1.36002,1.35905,1.36002,722
2014-01-06,00:00,1.36002,1.36530,1.35714,1.36337,49773
2014-01-07,00:00,1.36336,1.36564,1.35969,1.36146,48473
2014-01-08,00:00,1.36145,1.36351,1.35535,1.35749,53714
2014-01-09,00:00,1.35747,1.36330,1.35486,1.36021,55552
2014-01-10,00:00,1.36022,1.36871,1.35716,1.36646,48713
2014-01-12,00:00,1.36725,1.36764,1.36664,1.36664,396
2014-01-13,00:00,1.36664,1.36847,1.36375,1.36682,47129
2014-01-14,00:00,1.36680,1.36994,1.36491,1.36731,47131
2014-01-15,00:00,1.36732,1.36763,1.35814,1.36038,46332
2014-01-16,00:00,1.36038,1.36495,1.35831,1.36168,49575
2014-01-17,00:00,1.36169,1.36210,1.35171,1.35271,42739
2014-01-19,00:00,1.35356,1.35382,1.35303,1.35326,724
2014-01-20,00:00,1.35326,1.35679,1.35076,1.35559,33733
2014-01-21,00:00,1.35569,1.35686,1.35164,1.35591,45196
2014-01-22,00:00,1.35590,1.35837,1.35346,1.35448,43862
2014-01-23,00:00,1.35448,1.36982,1.35306,1.36927,61717
2014-01-24,00:00,1.36928,1.37394,1.36627,1.36758,59513
2014-01-26,00:00,1.36773,1.36848,1.36735,1.36801,865
2014-01-27,00:00,1.36800,1.37166,1.36531,1.36729,53874
2014-01-28,00:00,1.36735,1.36884,1.36293,1.36519,47320
2014-01-29,00:00,1.36522,1.36848,1.36031,1.36614,63337
2014-01-30,00:00,1.36610,1.36643,1.35435,1.35567,60299
2014-01-31,00:00,1.35569,1.35735,1.34790,1.34864,61493
2014-02-02,00:00,1.34827,1.34905,1.34818,1.34858,762
2014-02-03,00:00,1.34858,1.35355,1.34771,1.35261,55382
2014-02-04,00:00,1.35262,1.35386,1.34934,1.35144,51667
2014-02-05,00:00,1.35149,1.35555,1.34988,1.35362,52620
2014-02-06,00:00,1.35360,1.36189,1.34832,1.35901,52071
2014-02-07,00:00,1.35901,1.36430,1.35520,1.36389,47336
2014-02-09,00:00,1.36159,1.36271,1.36159,1.36228,824
2014-02-10,00:00,1.36222,1.36514,1.36181,1.36445,35829
2014-02-11,00:00,1.36442,1.36830,1.36295,1.36374,43803
2014-02-12,00:00,1.36378,1.36527,1.35624,1.35950,46540
2014-02-13,00:00,1.35955,1.36919,1.35854,1.36790,47925
2014-02-14,00:00,1.36790,1.37148,1.36737,1.36986,40760
2014-02-16,00:00,1.37072,1.37086,1.36999,1.37011,362
2014-02-17,00:00,1.37011,1.37240,1.36921,1.37049,28957
2014-02-18,00:00,1.37049,1.37702,1.36946,1.37605,41203
2014-02-19,00:00,1.37603,1.37731,1.37245,1.37325,36052
2014-02-20,00:00,1.37324,1.37625,1.36861,1.37210,45427
2014-02-21,00:00,1.37210,1.37586,1.37020,1.37380,35356
2014-02-23,00:00,1.37333,1.37414,1.37326,1.37381,379
2014-02-24,00:00,1.37385,1.37712,1.37083,1.37337,36975
2014-02-25,00:00,1.37338,1.37671,1.37154,1.37451,39877
2014-02-26,00:00,1.37452,1.37573,1.36617,1.36830,43630
2014-02-27,00:00,1.36830,1.37266,1.36432,1.37082,44851
2014-02-28,00:00,1.37081,1.38247,1.36942,1.38054,53122
2014-03-02,00:00,1.37552,1.37861,1.37527,1.37744,1171
2014-03-03,00:00,1.37744,1.37926,1.37263,1.37365,45974
2014-03-04,00:00,1.37368,1.37815,1.37208,1.37395,42158
2014-03-05,00:00,1.37394,1.37491,1.37074,1.37364,40440
2014-03-06,00:00,1.37364,1.38727,1.37212,1.38602,49944
2014-03-07,00:00,1.38606,1.39151,1.38521,1.38722,42964
2014-03-09,00:00,1.38739,1.38773,1.38727,1.38764,546
2014-03-10,00:00,1.38763,1.38979,1.38616,1.38770,33164
2014-03-11,00:00,1.38769,1.38786,1.38337,1.38547,35886
2014-03-12,00:00,1.38547,1.39144,1.38434,1.39020,38529
2014-03-13,00:00,1.39020,1.39668,1.38456,1.38679,55154
2014-03-14,00:00,1.38682,1.39375,1.38475,1.39128,47623
2014-03-16,00:00,1.39123,1.39153,1.39040,1.39063,1034
2014-03-17,00:00,1.39066,1.39476,1.38792,1.39253,34293
2014-03-18,00:00,1.39254,1.39427,1.38800,1.39304,40257
2014-03-19,00:00,1.39308,1.39332,1.38097,1.38226,43756
2014-03-20,00:00,1.38226,1.38448,1.37493,1.37784,45789
2014-03-21,00:00,1.37784,1.38108,1.37658,1.37925,33180
2014-03-23,00:00,2.37938,2.37941,2.37882,2.37915,461
2014-03-24,00:00,1.37916,1.38759,1.37605,1.38382,38406
2014-03-25,00:00,1.38382,1.38471,1.37492,1.38251,45086
2014-03-26,00:00,1.38250,1.38265,1.37764,1.37832,38548
2014-03-27,00:00,1.37832,1.37967,1.37287,1.37440,42845
2014-03-28,00:00,1.37437,1.37731,1.37049,1.37522,36868
2014-03-30,00:00,1.37616,1.37624,1.37521,1.37537,266
2014-03-31,00:00,1.37537,1.38088,1.37194,1.37737,42963
2014-04-01,00:00,1.37735,1.38155,1.37692,1.37933,34919
2014-04-02,00:00,1.37934,1.38202,1.37533,1.37653,34585
2014-04-03,00:00,1.37656,1.38060,1.36983,1.37171,44923
2014-04-04,00:00,1.37175,1.37313,1.36727,1.37049,41540
2014-04-06,00:00,1.36977,1.37035,1.36969,1.37011,483
2014-04-07,00:00,1.37012,1.37486,1.36963,1.37416,29696
2014-04-08,00:00,1.37417,1.38115,1.37374,1.37947,39739
2014-04-09,00:00,1.37955,1.38619,1.37800,1.38538,41281
2014-04-10,00:00,1.38538,1.38992,1.38361,1.38870,41557
2014-04-11,00:00,1.38870,1.39056,1.38635,1.38826,35422
2014-04-13,00:00,1.38458,1.38603,1.38458,1.38597,988
2014-04-14,00:00,1.38592,1.38630,1.38083,1.38182,38018
2014-04-15,00:00,1.38184,1.38334,1.37903,1.38131,37624
2014-04-16,00:00,1.38131,1.38510,1.38037,1.38162,37156
2014-04-17,00:00,1.38163,1.38645,1.38112,1.38134,31722
2014-04-18,00:00,3.38133,3.38223,3.38085,3.38119,10702
2014-04-20,00:00,1.38102,1.38171,1.38101,1.38159,200
2014-04-21,00:00,1.38161,1.38305,1.37871,1.37947,16127
2014-04-22,00:00,1.37948,1.38249,1.37852,1.38055,28661
2014-04-23,00:00,1.38055,1.38546,1.38003,1.38163,35980
2014-04-24,00:00,1.38163,1.38432,1.37915,1.38315,34585
2014-04-25,00:00,1.38317,1.38482,1.38269,1.38346,26704
2014-04-27,00:00,1.38448,1.38448,1.38356,1.38394,288
2014-04-28,00:00,1.38404,1.38795,1.38147,1.38497,36479
2014-04-29,00:00,1.38496,1.38792,1.38056,1.38118,38373
2014-04-30,00:00,1.38118,1.38765,1.37740,1.38658,66067
2014-05-01,00:00,1.38656,1.38892,1.38628,1.38671,30498
2014-05-02,00:00,1.38672,1.38816,1.38123,1.38712,49617
2014-05-04,00:00,1.38838,1.38838,1.38710,1.38722,401
2014-05-05,00:00,1.38726,1.38861,1.38645,1.38744,33441
2014-05-06,00:00,1.38744,1.39513,1.38720,1.39250,51763
2014-05-07,00:00,1.39252,1.39386,1.39099,1.39113,49201
2014-05-08,00:00,1.39114,1.39934,1.38786,1.38886,45243